{"error": false, "size": [1920, 1080], "name": "Srimad Bhagavad Geeta", "version": "1.0", "location": {"label": {"start": ["game/script.rpy", 18]}, "define": {"config.check_conflicting_properties": ["game/gui.rpy", 15], "gui.accent_color": ["game/gui.rpy", 28], "gui.idle_color": ["game/gui.rpy", 31], "gui.idle_small_color": ["game/gui.rpy", 35], "gui.hover_color": ["game/gui.rpy", 38], "gui.selected_color": ["game/gui.rpy", 42], "gui.insensitive_color": ["game/gui.rpy", 45], "gui.muted_color": ["game/gui.rpy", 49], "gui.hover_muted_color": ["game/gui.rpy", 50], "gui.text_color": ["game/gui.rpy", 53], "gui.interface_text_color": ["game/gui.rpy", 54], "gui.text_font": ["game/gui.rpy", 60], "gui.name_text_font": ["game/gui.rpy", 63], "gui.interface_text_font": ["game/gui.rpy", 66], "gui.text_size": ["game/gui.rpy", 69], "gui.name_text_size": ["game/gui.rpy", 72], "gui.interface_text_size": ["game/gui.rpy", 75], "gui.label_text_size": ["game/gui.rpy", 78], "gui.notify_text_size": ["game/gui.rpy", 81], "gui.title_text_size": ["game/gui.rpy", 84], "gui.main_menu_background": ["game/gui.rpy", 90], "gui.game_menu_background": ["game/gui.rpy", 91], "gui.textbox_height": ["game/gui.rpy", 100], "gui.textbox_yalign": ["game/gui.rpy", 104], "gui.name_xpos": ["game/gui.rpy", 109], "gui.name_ypos": ["game/gui.rpy", 110], "gui.name_xalign": ["game/gui.rpy", 114], "gui.namebox_width": ["game/gui.rpy", 118], "gui.namebox_height": ["game/gui.rpy", 119], "gui.namebox_borders": ["game/gui.rpy", 123], "gui.namebox_tile": ["game/gui.rpy", 127], "gui.dialogue_xpos": ["game/gui.rpy", 133], "gui.dialogue_ypos": ["game/gui.rpy", 134], "gui.dialogue_width": ["game/gui.rpy", 137], "gui.dialogue_text_xalign": ["game/gui.rpy", 141], "gui.button_width": ["game/gui.rpy", 150], "gui.button_height": ["game/gui.rpy", 151], "gui.button_borders": ["game/gui.rpy", 154], "gui.button_tile": ["game/gui.rpy", 158], "gui.button_text_font": ["game/gui.rpy", 161], "gui.button_text_size": ["game/gui.rpy", 164], "gui.button_text_idle_color": ["game/gui.rpy", 167], "gui.button_text_hover_color": ["game/gui.rpy", 168], "gui.button_text_selected_color": ["game/gui.rpy", 169], "gui.button_text_insensitive_color": ["game/gui.rpy", 170], "gui.button_text_xalign": ["game/gui.rpy", 174], "gui.radio_button_borders": ["game/gui.rpy", 183], "gui.check_button_borders": ["game/gui.rpy", 185], "gui.confirm_button_text_xalign": ["game/gui.rpy", 187], "gui.page_button_borders": ["game/gui.rpy", 189], "gui.quick_button_borders": ["game/gui.rpy", 191], "gui.quick_button_text_size": ["game/gui.rpy", 192], "gui.quick_button_text_idle_color": ["game/gui.rpy", 193], "gui.quick_button_text_selected_color": ["game/gui.rpy", 194], "gui.choice_button_width": ["game/gui.rpy", 207], "gui.choice_button_height": ["game/gui.rpy", 208], "gui.choice_button_tile": ["game/gui.rpy", 209], "gui.choice_button_borders": ["game/gui.rpy", 210], "gui.choice_button_text_font": ["game/gui.rpy", 211], "gui.choice_button_text_size": ["game/gui.rpy", 212], "gui.choice_button_text_xalign": ["game/gui.rpy", 213], "gui.choice_button_text_idle_color": ["game/gui.rpy", 214], "gui.choice_button_text_hover_color": ["game/gui.rpy", 215], "gui.choice_button_text_insensitive_color": ["game/gui.rpy", 216], "gui.slot_button_width": ["game/gui.rpy", 226], "gui.slot_button_height": ["game/gui.rpy", 227], "gui.slot_button_borders": ["game/gui.rpy", 228], "gui.slot_button_text_size": ["game/gui.rpy", 229], "gui.slot_button_text_xalign": ["game/gui.rpy", 230], "gui.slot_button_text_idle_color": ["game/gui.rpy", 231], "gui.slot_button_text_selected_idle_color": ["game/gui.rpy", 232], "gui.slot_button_text_selected_hover_color": ["game/gui.rpy", 233], "config.thumbnail_width": ["game/gui.rpy", 236], "config.thumbnail_height": ["game/gui.rpy", 237], "gui.file_slot_cols": ["game/gui.rpy", 240], "gui.file_slot_rows": ["game/gui.rpy", 241], "gui.navigation_xpos": ["game/gui.rpy", 251], "gui.skip_ypos": ["game/gui.rpy", 254], "gui.notify_ypos": ["game/gui.rpy", 257], "gui.choice_spacing": ["game/gui.rpy", 260], "gui.navigation_spacing": ["game/gui.rpy", 263], "gui.pref_spacing": ["game/gui.rpy", 266], "gui.pref_button_spacing": ["game/gui.rpy", 269], "gui.page_spacing": ["game/gui.rpy", 272], "gui.slot_spacing": ["game/gui.rpy", 275], "gui.main_menu_text_xalign": ["game/gui.rpy", 278], "gui.frame_borders": ["game/gui.rpy", 287], "gui.confirm_frame_borders": ["game/gui.rpy", 290], "gui.skip_frame_borders": ["game/gui.rpy", 293], "gui.notify_frame_borders": ["game/gui.rpy", 296], "gui.frame_tile": ["game/gui.rpy", 299], "gui.bar_size": ["game/gui.rpy", 311], "gui.scrollbar_size": ["game/gui.rpy", 312], "gui.slider_size": ["game/gui.rpy", 313], "gui.bar_tile": ["game/gui.rpy", 316], "gui.scrollbar_tile": ["game/gui.rpy", 317], "gui.slider_tile": ["game/gui.rpy", 318], "gui.bar_borders": ["game/gui.rpy", 321], "gui.scrollbar_borders": ["game/gui.rpy", 322], "gui.slider_borders": ["game/gui.rpy", 323], "gui.vbar_borders": ["game/gui.rpy", 326], "gui.vscrollbar_borders": ["game/gui.rpy", 327], "gui.vslider_borders": ["game/gui.rpy", 328], "gui.unscrollable": ["game/gui.rpy", 332], "config.history_length": ["game/gui.rpy", 340], "gui.history_height": ["game/gui.rpy", 344], "gui.history_spacing": ["game/gui.rpy", 347], "gui.history_name_xpos": ["game/gui.rpy", 351], "gui.history_name_ypos": ["game/gui.rpy", 352], "gui.history_name_width": ["game/gui.rpy", 353], "gui.history_name_xalign": ["game/gui.rpy", 354], "gui.history_text_xpos": ["game/gui.rpy", 357], "gui.history_text_ypos": ["game/gui.rpy", 358], "gui.history_text_width": ["game/gui.rpy", 359], "gui.history_text_xalign": ["game/gui.rpy", 360], "gui.nvl_borders": ["game/gui.rpy", 368], "gui.nvl_list_length": ["game/gui.rpy", 372], "gui.nvl_height": ["game/gui.rpy", 376], "gui.nvl_spacing": ["game/gui.rpy", 380], "gui.nvl_name_xpos": ["game/gui.rpy", 384], "gui.nvl_name_ypos": ["game/gui.rpy", 385], "gui.nvl_name_width": ["game/gui.rpy", 386], "gui.nvl_name_xalign": ["game/gui.rpy", 387], "gui.nvl_text_xpos": ["game/gui.rpy", 390], "gui.nvl_text_ypos": ["game/gui.rpy", 391], "gui.nvl_text_width": ["game/gui.rpy", 392], "gui.nvl_text_xalign": ["game/gui.rpy", 393], "gui.nvl_thought_xpos": ["game/gui.rpy", 397], "gui.nvl_thought_ypos": ["game/gui.rpy", 398], "gui.nvl_thought_width": ["game/gui.rpy", 399], "gui.nvl_thought_xalign": ["game/gui.rpy", 400], "gui.nvl_button_xpos": ["game/gui.rpy", 403], "gui.nvl_button_xalign": ["game/gui.rpy", 404], "gui.language": ["game/gui.rpy", 413], "quick_menu": ["game/screens.rpy", 267], "gui.history_allow_tags": ["game/screens.rpy", 930], "config.nvl_list_length": ["game/screens.rpy", 1357], "bubble.frame": ["game/screens.rpy", 1466], "bubble.thoughtframe": ["game/screens.rpy", 1467], "bubble.properties": ["game/screens.rpy", 1469], "bubble.expand_area": ["game/screens.rpy", 1495], "config.name": ["game/options.rpy", 15], "gui.show_name": ["game/options.rpy", 21], "config.version": ["game/options.rpy", 26], "gui.about": ["game/options.rpy", 32], "build.name": ["game/options.rpy", 40], "config.has_sound": ["game/options.rpy", 49], "config.has_music": ["game/options.rpy", 50], "config.has_voice": ["game/options.rpy", 51], "config.enter_transition": ["game/options.rpy", 76], "config.exit_transition": ["game/options.rpy", 77], "config.intra_transition": ["game/options.rpy", 82], "config.after_load_transition": ["game/options.rpy", 87], "config.end_game_transition": ["game/options.rpy", 92], "config.window": ["game/options.rpy", 109], "config.window_show_transition": ["game/options.rpy", 114], "config.window_hide_transition": ["game/options.rpy", 115], "config.save_directory": ["game/options.rpy", 146], "config.window_icon": ["game/options.rpy", 153], "K": ["game/script.rpy", 1], "A": ["game/script.rpy", 2]}, "screen": {"say": ["game/screens.rpy", 98], "input": ["game/screens.rpy", 175], "choice": ["game/screens.rpy", 208], "quick_menu": ["game/screens.rpy", 1515], "navigation": ["game/screens.rpy", 288], "main_menu": ["game/screens.rpy", 351], "game_menu": ["game/screens.rpy", 416], "about": ["game/screens.rpy", 546], "save": ["game/screens.rpy", 586], "load": ["game/screens.rpy", 593], "file_slots": ["game/screens.rpy", 600], "preferences": ["game/screens.rpy", 730], "history": ["game/screens.rpy", 890], "help": ["game/screens.rpy", 978], "keyboard_help": ["game/screens.rpy", 1007], "mouse_help": ["game/screens.rpy", 1058], "gamepad_help": ["game/screens.rpy", 1081], "confirm": ["game/screens.rpy", 1146], "skip_indicator": ["game/screens.rpy", 1209], "notify": ["game/screens.rpy", 1265], "nvl": ["game/screens.rpy", 1304], "nvl_dialogue": ["game/screens.rpy", 1336], "bubble": ["game/screens.rpy", 1424]}, "transform": {"delayed_blink": ["game/screens.rpy", 1227], "notify_appear": ["game/screens.rpy", 1276]}, "callable": {"touch": ["game/gui.rpy", 425], "small": ["game/gui.rpy", 432], "mfn.__init__": ["game/ATL_functions.rpy", 92], "mfn.__call__": ["game/ATL_functions.rpy", 95], "generate_atl_func.__init__": ["game/ATL_functions.rpy", 107], "generate_atl_func.__call__": ["game/ATL_functions.rpy", 113], "generate_atl_func.get_cur_prop": ["game/ATL_functions.rpy", 127], "atl_sin.__init__": ["game/ATL_functions.rpy", 135], "atl_sin.function": ["game/ATL_functions.rpy", 142], "atl_cos.__init__": ["game/ATL_functions.rpy", 153], "atl_cos.function": ["game/ATL_functions.rpy", 160], "atl_wiggle.__init__": ["game/ATL_functions.rpy", 171], "atl_wiggle.function": ["game/ATL_functions.rpy", 191], "atl_swiggle": ["game/ATL_functions.rpy", 208], "camera_blur": ["game/ActionEditor.rpy", 3765], "warper_generator": ["game/ActionEditor.rpy", 3779], "ShowAlternateMenu.__init__": ["game/menu_screen.rpy", 26], "ShowAlternateMenu.predict": ["game/menu_screen.rpy", 32], "ShowAlternateMenu.__call__": ["game/menu_screen.rpy", 36], "_viewers.open_image_viewer": ["game/image_viewer.rpy", 55], "_viewers.filter_image_name": ["game/image_viewer.rpy", 63], "_viewers.put_clipboard_text": ["game/sound_viewer.rpy", 76], "_viewers.tag_completion": ["game/image_viewer.rpy", 93], "_viewers.open_sound_viewer": ["game/sound_viewer.rpy", 50], "_viewers.filter_sound_name": ["game/sound_viewer.rpy", 58], "_viewers.completion": ["game/sound_viewer.rpy", 81], "_viewers.return_sound": ["game/sound_viewer.rpy", 114], "_viewers.check_version": ["game/ActionEditor.rpy", 29], "_viewers.check_perspective": ["game/ActionEditor_config.rpy", 111], "_viewers.check_poi": ["game/ActionEditor_config.rpy", 121], "_viewers.DuringTransitionDisplayble.__init__": ["game/ActionEditor.rpy", 144], "_viewers.DuringTransitionDisplayble.render": ["game/ActionEditor.rpy", 152], "_viewers.FixedTimeDisplayable.__init__": ["game/ActionEditor.rpy", 160], "_viewers.FixedTimeDisplayable.render": ["game/ActionEditor.rpy", 174], "_viewers.RenderToDisplayable.__init__": ["game/ActionEditor.rpy", 183], "_viewers.RenderToDisplayable.render": ["game/ActionEditor.rpy", 189], "_viewers.action_editor_init": ["game/ActionEditor.rpy", 194], "_viewers.get_transform_name": ["game/ActionEditor.rpy", 370], "_viewers.apply_at_list": ["game/ActionEditor.rpy", 386], "_viewers.get_at_list_props": ["game/ActionEditor.rpy", 395], "_viewers.check_props_group": ["game/ActionEditor.rpy", 433], "_viewers.load_matrix": ["game/ActionEditor.rpy", 461], "_viewers.get_matrix_info": ["game/ActionEditor.rpy", 501], "_viewers.is_force_float": ["game/ActionEditor.rpy", 528], "_viewers.is_force_plus": ["game/ActionEditor.rpy", 536], "_viewers.is_wide_range": ["game/ActionEditor.rpy", 546], "_viewers.reset": ["game/ActionEditor.rpy", 580], "_viewers.image_reset": ["game/ActionEditor.rpy", 602], "_viewers.camera_reset": ["game/ActionEditor.rpy", 607], "_viewers.generate_changed": ["game/ActionEditor.rpy", 612], "_viewers.to_changed_value": ["game/ActionEditor.rpy", 680], "_viewers.set_keyframe": ["game/ActionEditor.rpy", 694], "_viewers.generate_matrix_strings": ["game/ActionEditor.rpy", 752], "_viewers.play": ["game/ActionEditor.rpy", 784], "_viewers.viewer_transform": ["game/ActionEditor.rpy", 1044], "_viewers.add_thick": ["game/ActionEditor.rpy", 1112], "_viewers.define_camera_model": ["game/ActionEditor.rpy", 1129], "_viewers.camera_transform": ["game/ActionEditor.rpy", 1148], "_viewers.transform": ["game/ActionEditor.rpy", 1214], "_viewers.get_widget": ["game/ActionEditor.rpy", 1576], "_viewers.exclusive_check": ["game/ActionEditor.rpy", 1638], "_viewers.edit_value": ["game/ActionEditor.rpy", 1678], "_viewers.edit_default_transition": ["game/ActionEditor.rpy", 1692], "_viewers.edit_transition": ["game/ActionEditor.rpy", 1710], "_viewers.edit_channel_list": ["game/ActionEditor.rpy", 1742], "_viewers.add_image": ["game/ActionEditor.rpy", 1771], "_viewers.get_image_name_candidates": ["game/ActionEditor.rpy", 1823], "_viewers.change_child": ["game/ActionEditor.rpy", 1855], "_viewers.edit_function": ["game/ActionEditor.rpy", 1883], "_viewers.edit_any": ["game/ActionEditor.rpy", 1906], "_viewers.toggle_boolean_property": ["game/ActionEditor.rpy", 1937], "_viewers.perspective_enabled": ["game/ActionEditor.rpy", 1952], "_viewers.remove_image": ["game/ActionEditor.rpy", 1961], "_viewers.get_default": ["game/ActionEditor.rpy", 1975], "_viewers.get_value": ["game/ActionEditor.rpy", 1981], "_viewers.put_camera_clipboard": ["game/ActionEditor.rpy", 2143], "_viewers.put_image_clipboard": ["game/ActionEditor.rpy", 2193], "_viewers.put_sound_clipboard": ["game/ActionEditor.rpy", 2253], "_viewers.edit_warper": ["game/ActionEditor.rpy", 2287], "_viewers.edit_move_keyframe": ["game/ActionEditor.rpy", 2300], "_viewers.edit_move_all_keyframe": ["game/ActionEditor.rpy", 2316], "_viewers.edit_time": ["game/ActionEditor.rpy", 2330], "_viewers.edit_range_value": ["game/ActionEditor.rpy", 2344], "_viewers.next_time": ["game/ActionEditor.rpy", 2365], "_viewers.prev_time": ["game/ActionEditor.rpy", 2377], "_viewers.add_scene": ["game/ActionEditor.rpy", 2393], "_viewers.camera_keyframes_exist": ["game/ActionEditor.rpy", 2441], "_viewers.remove_scene": ["game/ActionEditor.rpy", 2450], "_viewers.move_scene": ["game/ActionEditor.rpy", 2482], "_viewers.edit_move_scene": ["game/ActionEditor.rpy", 2554], "_viewers.edit_scene_transition": ["game/ActionEditor.rpy", 2569], "_viewers.edit_playing_file": ["game/ActionEditor.rpy", 2589], "_viewers.change_scene": ["game/ActionEditor.rpy", 2625], "_viewers.select_default_warper": ["game/ActionEditor.rpy", 2635], "_viewers.remove_keyframe": ["game/ActionEditor.rpy", 2641], "_viewers.remove_all_keyframe": ["game/ActionEditor.rpy", 2661], "_viewers.get_sorted_keyframes": ["game/ActionEditor.rpy", 2668], "_viewers.move_all_keyframe": ["game/ActionEditor.rpy", 2681], "_viewers.move_keyframe": ["game/ActionEditor.rpy", 2692], "_viewers.keyframes_exist": ["game/ActionEditor.rpy", 2747], "_viewers.update_gn_spline": ["game/ActionEditor.rpy", 2766], "_viewers.add_knot": ["game/ActionEditor.rpy", 2786], "_viewers.remove_knot": ["game/ActionEditor.rpy", 2815], "_viewers.change_time": ["game/ActionEditor.rpy", 2834], "_viewers.get_file_duration": ["game/ActionEditor.rpy", 2843], "_viewers.is_playing": ["game/ActionEditor.rpy", 2862], "_viewers.open_action_editor": ["game/ActionEditor.rpy", 2894], "_viewers.get_transition_delay": ["game/ActionEditor.rpy", 2969], "_viewers.get_animation_delay": ["game/ActionEditor.rpy", 2981], "_viewers.get_scene_delay": ["game/ActionEditor.rpy", 3013], "_viewers.set_group_keyframes": ["game/ActionEditor.rpy", 3029], "_viewers.camera_blur_amount": ["game/ActionEditor.rpy", 3061], "_viewers.get_image_state": ["game/ActionEditor.rpy", 3077], "_viewers.sort_props": ["game/ActionEditor.rpy", 3085], "_viewers.put_prop_togetter": ["game/ActionEditor.rpy", 3089], "_viewers.x_and_y_to_xy": ["game/ActionEditor.rpy", 3128], "_viewers.xy_to_x": ["game/ActionEditor.rpy", 3159], "_viewers.sort_zorder": ["game/ActionEditor.rpy", 3166], "_viewers.check_focusing_used": ["game/ActionEditor.rpy", 3171], "_viewers.put_clipboard": ["game/ActionEditor.rpy", 3177], "_viewers.ShowImage.__init__": ["game/image_viewer.rpy", 129], "_viewers.ShowImage.__call__": ["game/image_viewer.rpy", 133], "_viewers.Add_tag_or_Return.__init__": ["game/image_viewer.rpy", 159], "_viewers.Add_tag_or_Return.__call__": ["game/image_viewer.rpy", 164], "_viewers.action_editor_version": ["game/ActionEditor.rpy", 39], "_viewers.check_new_position_type": ["game/ActionEditor.rpy", 42], "_viewers.get_layers": ["game/ActionEditor.rpy", 57], "_viewers.rotate_matrix2": ["game/ActionEditor.rpy", 65], "_viewers.zyx_to_xyz": ["game/ActionEditor.rpy", 94], "_viewers.RotateMatrix2.function": ["game/ActionEditor.rpy", 65], "_viewers.get_sideview": ["game/ActionEditor_screens.rpy", 1348], "_viewers.expand_props_set": ["game/ActionEditor_screens.rpy", 1358], "_viewers.return_start_time": ["game/ActionEditor_screens.rpy", 1392], "_viewers.pause": ["game/ActionEditor_screens.rpy", 1397], "_viewers.pos_to_time": ["game/ActionEditor_screens.rpy", 1403], "_viewers.time_to_pos": ["game/ActionEditor_screens.rpy", 1414], "_viewers.pos_to_value": ["game/ActionEditor_screens.rpy", 1425], "_viewers.value_to_pos": ["game/ActionEditor_screens.rpy", 1456], "_viewers.time_and_key_to_pos": ["game/ActionEditor_screens.rpy", 1479], "_viewers.key_drag_changed": ["game/ActionEditor_screens.rpy", 1488], "_viewers.get_absolute_from_pos": ["game/ActionEditor_screens.rpy", 1513], "_viewers.absolute_pos": ["game/ActionEditor_screens.rpy", 1522], "_viewers.rel_pos": ["game/ActionEditor_screens.rpy", 1532], "_viewers.show_current_time_idle": ["game/ActionEditor_screens.rpy", 1544], "_viewers.show_current_time_hover": ["game/ActionEditor_screens.rpy", 1548], "_viewers.out_of_viewport": ["game/ActionEditor_screens.rpy", 1552], "_viewers.DraggableValue.__init__": ["game/ActionEditor_screens.rpy", 1564], "_viewers.DraggableValue.__eq__": ["game/ActionEditor_screens.rpy", 1601], "_viewers.DraggableValue.render": ["game/ActionEditor_screens.rpy", 1607], "_viewers.DraggableValue.event": ["game/ActionEditor_screens.rpy", 1632], "_viewers.DraggableValue.per_interact": ["game/ActionEditor_screens.rpy", 1689], "_viewers.TimeLine.__init__": ["game/ActionEditor_screens.rpy", 1697], "_viewers.TimeLine.__eq__": ["game/ActionEditor_screens.rpy", 1718], "_viewers.TimeLine.render": ["game/ActionEditor_screens.rpy", 1734], "_viewers.TimeLine.event": ["game/ActionEditor_screens.rpy", 1915], "_viewers.TimeLine.per_interact": ["game/ActionEditor_screens.rpy", 1941], "_viewers.KeyFrame.__init__": ["game/ActionEditor_screens.rpy", 1949], "_viewers.KeyFrame.__eq__": ["game/ActionEditor_screens.rpy", 1995], "_viewers.KeyFrame.update": ["game/ActionEditor_screens.rpy", 2015], "_viewers.KeyFrame.get_child": ["game/ActionEditor_screens.rpy", 2020], "_viewers.KeyFrame.event": ["game/ActionEditor_screens.rpy", 2036], "_viewers.WarperKey.__init__": ["game/ActionEditor_screens.rpy", 2105], "_viewers.WarperKey.__eq__": ["game/ActionEditor_screens.rpy", 2146], "_viewers.WarperKey.get_child": ["game/ActionEditor_screens.rpy", 2156], "_viewers.WarperKey.event": ["game/ActionEditor_screens.rpy", 2167], "_viewers.WarperKey.warperkey_drag_changed": ["game/ActionEditor_screens.rpy", 2200], "_viewers.KnotKey.__init__": ["game/ActionEditor_screens.rpy", 2227], "_viewers.KnotKey.__eq__": ["game/ActionEditor_screens.rpy", 2263], "_viewers.KnotKey.get_child": ["game/ActionEditor_screens.rpy", 2279], "_viewers.KnotKey.knot_num_to_pos": ["game/ActionEditor_screens.rpy", 2290], "_viewers.KnotKey.knot_drag_changed": ["game/ActionEditor_screens.rpy", 2296], "_viewers.KnotKey.event": ["game/ActionEditor_screens.rpy", 2307], "_viewers.TimeLineBackground.__init__": ["game/ActionEditor_screens.rpy", 2342], "_viewers.TimeLineBackground.__eq__": ["game/ActionEditor_screens.rpy", 2381], "_viewers.TimeLineBackground.get_child": ["game/ActionEditor_screens.rpy", 2389], "_viewers.TimeLineBackground.event": ["game/ActionEditor_screens.rpy", 2393], "_viewers.ImagePins.__init__": ["game/ActionEditor_screens.rpy", 2433], "_viewers.ImagePins.__eq__": ["game/ActionEditor_screens.rpy", 2452], "_viewers.ImagePins.render": ["game/ActionEditor_screens.rpy", 2460], "_viewers.ImagePins.event": ["game/ActionEditor_screens.rpy", 2524], "_viewers.ImagePins.per_interact": ["game/ActionEditor_screens.rpy", 2540], "_viewers.ImagePins.get_image_keyframes": ["game/ActionEditor_screens.rpy", 2545], "_viewers.ImagePins.get_camera_keyframes": ["game/ActionEditor_screens.rpy", 2557], "_viewers.ImageInterpolate.__init__": ["game/ActionEditor_screens.rpy", 2571], "_viewers.ImageInterpolate.value_to_pos": ["game/ActionEditor_screens.rpy", 2589], "_viewers.ImageInterpolate.get_child": ["game/ActionEditor_screens.rpy", 2601], "_viewers.ImagePin.__init__": ["game/ActionEditor_screens.rpy", 2610], "_viewers.ImagePin.__eq__": ["game/ActionEditor_screens.rpy", 2703], "_viewers.ImagePin.update": ["game/ActionEditor_screens.rpy", 2717], "_viewers.ImagePin.get_child": ["game/ActionEditor_screens.rpy", 2721], "_viewers.ImagePin.pos_to_value": ["game/ActionEditor_screens.rpy", 2749], "_viewers.ImagePin.event": ["game/ActionEditor_screens.rpy", 2796], "_viewers.CameraInterpolate.__init__": ["game/ActionEditor_screens.rpy", 2854], "_viewers.CameraInterpolate.value_to_pos": ["game/ActionEditor_screens.rpy", 2872], "_viewers.CameraInterpolate.get_child": ["game/ActionEditor_screens.rpy", 2886], "_viewers.CameraPin.__init__": ["game/ActionEditor_screens.rpy", 2895], "_viewers.CameraPin.__eq__": ["game/ActionEditor_screens.rpy", 2974], "_viewers.CameraPin.update": ["game/ActionEditor_screens.rpy", 2986], "_viewers.CameraPin.get_child": ["game/ActionEditor_screens.rpy", 2990], "_viewers.CameraPin.pos_to_value": ["game/ActionEditor_screens.rpy", 3012], "_viewers.CameraPin.event": ["game/ActionEditor_screens.rpy", 3053], "_viewers.generate_sound_menu": ["game/ActionEditor_screens.rpy", 3107], "_viewers.generate_menu": ["game/ActionEditor_screens.rpy", 3121], "_viewers.use_warper_generator": ["game/ActionEditor_screens.rpy", 3185], "_viewers.CurrentTime.__init__": ["game/ActionEditor_screens.rpy", 3199], "_viewers.CurrentTime.get_adjustment": ["game/ActionEditor_screens.rpy", 3205], "_viewers.CurrentTime.changed": ["game/ActionEditor_screens.rpy", 3210], "_viewers.CurrentTime.periodic": ["game/ActionEditor_screens.rpy", 3215]}}, "build": {"directory_name": "SrimadBhagavadGeeta-1.0", "executable_name": "SrimadBhagavadGeeta", "include_update": false, "packages": [{"name": "gameonly", "formats": ["null"], "file_lists": ["all"], "description": "Game-Only Update for Mobile", "update": true, "dlc": false, "hidden": true}, {"name": "pc", "formats": ["zip"], "file_lists": ["windows", "linux", "renpy", "all"], "description": "PC: Windows and Linux", "update": true, "dlc": false, "hidden": false}, {"name": "linux", "formats": ["tar.bz2"], "file_lists": ["linux", "linux_arm", "renpy", "all"], "description": "Linux", "update": true, "dlc": false, "hidden": false}, {"name": "mac", "formats": ["app-zip", "app-dmg"], "file_lists": ["mac", "renpy", "all"], "description": "Macintosh", "update": true, "dlc": false, "hidden": false}, {"name": "win", "formats": ["zip"], "file_lists": ["windows", "renpy", "all"], "description": "Windows", "update": true, "dlc": false, "hidden": false}, {"name": "market", "formats": ["bare-zip"], "file_lists": ["windows", "linux", "mac", "renpy", "all"], "description": "Windows, Mac, Linux for Markets", "update": true, "dlc": false, "hidden": false}, {"name": "steam", "formats": ["zip"], "file_lists": ["windows", "linux", "mac", "renpy", "all"], "description": "steam", "update": true, "dlc": false, "hidden": true}, {"name": "android", "formats": ["directory"], "file_lists": ["android", "all"], "description": "android", "update": false, "dlc": true, "hidden": true}, {"name": "ios", "formats": ["directory"], "file_lists": ["ios", "all"], "description": "ios", "update": false, "dlc": true, "hidden": true}, {"name": "web", "formats": ["zip"], "file_lists": ["web", "renpy", "all"], "description": "web", "update": false, "dlc": true, "hidden": true}], "archives": [["archive", ["all"]]], "documentation_patterns": ["*.html", "*.txt"], "base_patterns": [["*.py", null], ["*.sh", null], ["*.app/", null], ["*.dll", null], ["*.manifest", null], ["*.keystore", null], ["**.rpe", null], ["**.rpe.py", null], ["update.pem", null], ["lib/", null], ["renpy/", null], ["update/", null], ["common/", null], ["update/", null], ["old-game/", null], ["base/", null], ["icon.ico", null], ["icon.icns", null], ["project.json", null], ["log.txt", null], ["errors.txt", null], ["traceback.txt", null], ["image_cache.txt", null], ["text_overflow.txt", null], ["dialogue.txt", null], ["dialogue.tab", null], ["profile_screen.txt", null], ["files.txt", null], ["memory.txt", null], ["tmp/", null], ["game/saves/", null], ["game/bytecode.rpyb", null], ["archived/", null], ["launcherinfo.py", null], ["android.txt", null], ["game/presplash*.*", ["all"]], ["android.json", ["android"]], [".android.json", ["android"]], ["android-*.png", ["android"]], ["android-*.jpg", ["android"]], ["ouya_icon.png", null], ["ios-presplash.*", ["ios"]], ["ios-launchimage.png", null], ["ios-icon.png", null], ["web-presplash.png", ["web"]], ["web-presplash.jpg", ["web"]], ["web-presplash.webp", ["web"]], ["web-icon.png", ["web"]], ["progressive_download.txt", ["web"]], ["steam_appid.txt", null], ["game/cache/bytecode-39.rpyb", ["all"]], ["game/cache/bytecode-311.rpyb", ["web"]], ["game/cache/bytecode-*.rpyb", null], ["game/cache/build_info.json", null], ["game/cache/build_time.txt", null], ["**~", null], ["**.bak", null], ["**/.**", null], ["**/#**", null], ["**/thumbs.db", null], [".*", null], ["**", ["all"]]], "renpy_patterns": [["renpy/common/_compat/**", null], ["renpy/common/_roundrect/**", null], ["renpy/common/_outline/**", null], ["renpy/common/_theme**", null], ["renpy/**__pycache__/**.cpython-39.pyc", ["all"]], ["renpy/**__pycache__", ["all"]], ["**~", null], ["**/#*", null], ["**/.*", null], ["**.old", null], ["**.new", null], ["**.rpa", null], ["**.rpe", null], ["**.rpe.py", null], ["**/steam_appid.txt", null], ["renpy.py", ["all"]], ["renpy/", ["all"]], ["renpy/**.py", ["renpy"]], ["renpy/**.pxd", null], ["renpy/**.pxi", null], ["renpy/**.pyx", null], ["renpy/**.pyc", null], ["renpy/**.pyo", null], ["renpy/common/", ["all"]], ["renpy/common/_compat/**", ["renpy"]], ["renpy/common/**.rpy", ["renpy"]], ["renpy/common/**.rpym", ["renpy"]], ["renpy/common/_compat/**", ["renpy"]], ["renpy/common/**", ["all"]], ["renpy/**", ["all"]], ["lib/*/renpy", null], ["lib/*/renpy.exe", null], ["lib/*/pythonw.exe", null], ["lib/py2-*/", null], ["lib/py*-windows-i686/**", ["windows_i686"]], ["lib/py*-windows-x86_64/**", ["windows"]], ["lib/py*-linux-i686/**", ["linux_i686"]], ["lib/py*-linux-aarch64/**", ["linux_arm"]], ["lib/py*-linux-armv7l/**", ["linux_arm"]], ["lib/py*-linux-*/**", ["linux"]], ["lib/py*-mac-*/**", ["mac"]], ["lib/python2.*/**", null], ["lib/**", ["windows", "linux", "mac", "android", "ios"]], ["renpy.sh", ["linux", "mac"]]], "xbit_patterns": ["**.sh", "lib/py*-linux-*/*", "lib/py*-mac-*/*", "**.app/Contents/MacOS/*"], "version": "1.0", "display_name": "Srimad Bhagavad Geeta", "exclude_empty_directories": true, "allow_integrated_gpu": true, "renpy": false, "script_version": true, "destination": "SrimadBhagavadGeeta-1.0-dists", "itch_channels": {"*-all.zip": "win-osx-linux", "*-market.zip": "win-osx-linux", "*-pc.zip": "win-linux", "*-win.zip": "win", "*-mac.zip": "osx", "*-linux.tar.bz2": "linux", "*-release.apk": "android"}, "mac_info_plist": {}, "merge": [["linux_i686", "linux"], ["windows_i686", "windows"]], "include_i686": true, "change_icon_i686": true, "android_permissions": [], "_sdk_fonts": false, "update_formats": ["rpu"], "info": {"info": {}, "time": 1729279364.7986534, "name": "Srimad Bhagavad Geeta", "version": "1.0"}}}